date,Sleep Score,Total Sleep Score,REM Sleep Score,Deep Sleep Score,Sleep Efficiency Score,Restfulness Score,Sleep Latency Score,Sleep Timing Score,Total Bedtime,Total Sleep Time,Awake Time,REM Sleep Time,Light Sleep Time,Deep Sleep Time,Restless Sleep,Sleep Efficiency,Sleep Latency,Sleep Timing,Sleep Timing,Bedtime Start,Bedtime End,Average Resting Heart Rate,Lowest Resting Heart Rate,Average HRV,Temperature Deviation (Â°C),Respiratory Rate,Activity Score,Stay Active Score,Move Every Hour Score,Meet Daily Targets Score,Training Frequency Score,Training Volume Score,Recovery Time Score,Activity Burn,Total Burn,Target Calories,Steps,Daily Movement,Inactive Time,Rest Time,Low Activity Time,Medium Activity Time,High Activity Time,Non-wear Time,Average MET,Long Periods of Inactivity,Readiness Score,Previous Night Score,Sleep Balance Score,Previous Day Activity Score,Activity Balance Score,Temperature Score,Resting Heart Rate Score,HRV Balance Score,Recovery Index Score
2020-12-17,72,75,52,98,88,50,75,70,24720,28560,3840,3480,13800,7440,44,87,360,14250,2020-12-17T00:27:45+02:00,2020-12-17T08:23:45+02:00,54.41,51,57,-0.04,0.13,14.75,65,62,95,25,71,53,350,2459,6857,6188,39420,29160,16080,1560,180,0,1.40625,1,82,69,72,95,89,100,87,None,100,,
2020-12-18,70,76,35,100,79,59,72,63,24750,29760,5010,2370,10920,11460,37,83,270,14550,2020-12-18T00:10:51+02:00,2020-12-18T08:26:51+02:00,54.03,50,63,0.2,0.2,15.125,66,79,100,25,40,57,280,2351,6708,5148,29040,25620,12480,1800,0,17460,1.375,0,83,66,73,84,87,87,100,87,96,,
2020-12-19,79,94,80,100,88,56,91,19,29070,33360,4290,5310,15120,8640,39,87,720,16530,2020-12-19T01:22:28+02:00,2020-12-19T10:38:28+02:00,52.27,48,61,0.07,0.24,15,58,86,100,1,1,70,483,2554,11308,9537,28800,37260,17880,2460,0,0,1.46875,0,89,78,80,96,89,99,100,89,100,,
2021-08-02,,,,,,,,,,,,,,,,,,,,,,,,,,,63,80,95,25,40,40,100,340,2482,300,5590,5425,522,191,172,30,11,514,1.46875,1,,,,,,,,,
2021-08-03,71,88,60,97,48,57,89,22,39720,27690,12030,4020,17310,6360,41,70,660,18450,,2021-08-03T00:36:06+03:00,2021-08-03T11:38:06+03:00,57.05,51,52,0.21,15.75,63,68,100,25,40,52,100,321,2432,400,6109,5420,508,654,250,16,5,7,1.40625,0,80,68,73,81,73,87,99,73,100
2021-08-04,51,42,28,95,55,60,99,1,22560,16560,6000,1920,9900,4740,39,73,870,12030,,2021-08-04T05:09:41+03:00,2021-08-04T11:25:41+03:00,58.82,54,57,0.01,15.75,68,62,95,43,40,61,100,319,2421,300,6852,5650,608,554,253,23,0,2,1.40625,1,69,43,60,91,77,100,75,81,77
2021-08-05,68,49,40,98,88,66,99,82,21780,18900,2880,2880,8490,7530,32,87,870,11040,,2021-08-05T00:32:18+03:00,2021-08-05T06:35:18+03:00,59.28,55,48,0.02,16.125,72,61,100,60,40,57,100,283,2367,250,7069,4759,653,387,324,9,0,67,1.4375,0,68,64,52,90,79,100,67,80,69
2021-08-06,69,58,54,98,96,61,67,78,23220,21180,2040,3840,9990,7350,35,91,180,11460,,2021-08-06T00:31:56+03:00,2021-08-06T06:58:56+03:00,60.97,54,42,0.15,16.75,80,60,100,60,71,95,100,587,2727,250,14587,10610,675,310,364,87,4,0,1.65625,0,69,65,51,91,83,92,68,73,81
2021-08-07,70,74,49,98,81,63,97,24,30180,25260,4920,3450,14100,7710,32,84,960,14700,,2021-08-07T01:25:32+03:00,2021-08-07T09:48:32+03:00,59.36,53,45,0.15,16.75,87,79,95,78,71,94,100,403,2410,400,10031,7954,523,548,343,26,0,0,1.46875,1,70,66,56,68,74,92,77,,100
2021-08-08,77,90,57,100,95,76,64,21,32400,29100,3300,4050,15480,9570,36,90,120,16260,,2021-08-08T01:19:29+03:00,2021-08-08T10:19:29+03:00,58.21,53,52,0.13,15.875,90,90,95,78,96,96,98,586,2605,400,14108,11453,428,552,406,44,10,0,1.5625,1,78,75,65,90,71,94,85,75,100
2021-08-09,61,72,33,97,44,59,72,25,35940,24600,11340,2400,15600,6600,38,68,300,16350,,2021-08-09T00:57:25+03:00,2021-08-09T10:56:25+03:00,55.84,52,64,0.14,16.125,80,81,100,60,71,95,89,384,2410,400,8856,7197,406,588,338,25,2,81,1.46875,0,75,55,67,74,62,93,93,85,100
2021-08-10,73,73,50,97,98,63,78,59,26820,24960,1860,3600,14940,6420,40,93,420,13260,,2021-08-10T00:40:22+03:00,2021-08-10T08:07:22+03:00,55.97,52,53,-0.3,15.875,83,76,100,78,96,96,78,563,2624,400,13744,10646,544,391,292,76,9,128,1.59375,0,82,70,70,96,63,95,100,86,97
2021-08-11,54,22,1,96,90,80,64,93,12900,11250,1650,0,5280,5970,32,87,120,5880,,2021-08-11T01:35:01+03:00,2021-08-11T05:10:01+03:00,53.34,51,61,-0.27,15.625,80,67,100,78,96,96,71,251,2283,250,6369,3823,619,432,286,20,0,83,1.375,0,65,46,54,72,60,96,100,88,29
2021-08-12,65,61,32,100,95,61,67,54,24720,22020,2700,2310,10950,8760,32,89,150,11940,,2021-08-12T01:12:59+03:00,2021-08-12T08:04:59+03:00,53.23,49,62,-0.05,15.75,90,80,100,78,96,95,98,340,2371,400,9424,6197,492,460,295,33,0,160,1.4375,0,75,60,52,97,68,100,100,90,82
2021-08-13,79,99,50,99,69,65,97,26,40560,31950,8610,3570,19860,8520,33,79,930,19290,,2021-08-13T00:04:46+03:00,2021-08-13T11:20:46+03:00,55.31,50,59,0.35,16.5,89,93,100,78,71,95,98,446,2481,400,10033,8033,371,593,371,34,3,68,1.5,0,83,78,65,96,71,75,100,91,100
2021-08-14,60,38,1,96,93,69,94,84,18060,16050,2010,0,10020,6030,42,89,780,9240,,2021-08-14T00:58:29+03:00,2021-08-14T05:59:29+03:00,53.21,50,66,-0.18,16,92,71,95,95,96,95,95,428,2463,400,11248,8375,520,322,305,46,1,246,1.5,1,71,53,56,95,71,99,100,93,34
2021-08-15,,,,,,,,,,,,,,,,,,,,,,,,,,,94,98,100,95,96,97,86,683,2731,400,18345,14080,339,167,306,109,4,515,1.6875,0,,,,,,,,,
2021-08-16,59,49,34,97,58,54,91,61,25500,18810,6690,2430,9810,6570,40,74,1050,12450,,2021-08-16T00:50:13+03:00,2021-08-16T07:55:13+03:00,57.06,53,55,0.01,15.75,97,80,100,100,100,97,100,478,2518,250,12277,9163,466,517,303,69,0,85,1.53125,0,67,52,50,81,68,100,82,93,56
2021-08-17,62,30,28,96,88,66,99,100,16320,14220,2100,2010,5940,6270,36,87,900,8130,,2021-08-17T00:31:06+03:00,2021-08-17T05:03:06+03:00,53.85,50,58,0.35,16,82,54,95,95,96,96,71,212,2223,250,5505,3419,725,400,196,22,0,97,1.34375,1,63,56,38,90,67,75,100,,46
2021-08-18,69,62,52,100,83,65,89,55,25980,22140,3840,3720,9540,8880,30,85,1140,13170,,2021-08-18T00:48:34+03:00,2021-08-18T08:01:34+03:00,54.02,48,56,-0.1,15.625,88,69,95,78,96,96,98,356,2374,400,9501,6798,609,457,263,44,0,67,1.4375,1,71,65,39,92,75,100,98,92,61
2021-08-19,65,56,41,100,76,63,75,66,25440,20730,4710,2910,8880,8940,35,81,1410,12900,,2021-08-19T00:31:31+03:00,2021-08-19T07:35:31+03:00,53.83,48,58,-0.02,15.875,94,78,100,95,96,96,98,428,2488,400,11319,7775,539,449,399,41,0,12,1.5,0,73,60,39,89,75,100,100,92,87
2021-08-20,63,46,31,99,90,67,72,75,20700,18150,2550,2280,7440,8430,28,88,300,10290,,2021-08-20T00:57:09+03:00,2021-08-20T06:42:09+03:00,53.68,49,55,-0.12,15.375,93,67,100,95,100,96,100,564,2649,250,15392,10793,620,381,359,77,3,0,1.625,0,67,58,35,91,74,100,100,92,40
2021-08-21,85,100,96,100,72,73,91,28,40500,32460,8040,7020,14940,10500,28,80,1080,19440,,2021-08-21T00:00:20+03:00,2021-08-21T11:15:20+03:00,55.78,49,52,-0.14,15.5,91,80,100,95,100,97,86,446,2453,400,9987,8168,457,624,306,45,8,0,1.46875,0,78,85,52,73,69,100,100,90,100
2021-08-22,,,,,,,,,,,,,,,,,,,,,,,,,,,91,91,100,95,100,97,78,594,2594,400,16782,12362,336,672,301,91,0,40,1.5625,0,,,,,,,,,
2021-08-23,57,66,34,74,34,55,72,40,36120,23040,13080,2460,16470,4110,45,64,300,15180,,2021-08-23T00:46:04+03:00,2021-08-23T10:48:04+03:00,53.26,51,60,0.15,15.625,77,51,100,78,96,96,71,237,2285,400,5771,3837,634,565,225,16,0,0,1.375,0,78,49,65,90,63,92,100,91,100
2021-08-24,72,70,44,100,86,69,78,65,28080,24150,3930,3150,12120,8880,31,86,420,14100,,2021-08-24T00:14:30+03:00,2021-08-24T08:02:30+03:00,53.11,48,50,0.01,15.125,83,45,78,78,96,96,100,261,2311,400,5417,4349,771,438,189,29,2,11,1.40625,2,82,68,68,97,69,100,100,89,100
2021-08-25,72,67,55,99,96,64,81,54,25860,23430,2430,3900,11370,8160,34,91,480,13200,,2021-08-25T00:51:44+03:00,2021-08-25T08:02:44+03:00,54.07,51,54,-0.14,15.375,87,63,100,78,96,89,100,92,2048,400,2124,974,632,560,142,0,0,106,1.25,0,79,68,69,85,74,100,100,88,73
2021-08-26,75,82,36,98,95,67,75,52,27240,24120,3120,3660,13860,6600,39,89,330,13440,,2021-08-26T00:57:08+03:00,2021-08-26T08:31:08+03:00,55.34,50,52,0.01,15.375,79,59,95,60,96,75,100,244,2255,400,5783,4055,689,513,214,24,0,0,1.375,1,74,72,74,100,84,100,100,87,100
2021-08-27,42,25,8,88,30,59,83,40,30360,27180,3180,2550,16920,7710,35,90,540,15120,,2021-08-27T00:22:33+03:00,2021-08-27T08:48:33+03:00,53.84,49,53,0.25,15.5,73,72,100,43,71,63,100,372,2429,400,8939,6898,609,466,340,25,0,0,1.46875,0,55,31,59,93,88,83,75,None,82
2021-08-28,56,36,5,96,74,61,81,82,20520,12720,7800,570,7230,4920,34,62,480,11490,,2021-08-28T01:47:47+03:00,2021-08-28T07:29:47+03:00,57.17,54,50,-0.35,15,70,70,95,43,40,69,100,528,2603,250,14629,10879,578,435,377,50,0,0,1.59375,1,54,49,62,89,86,93,43,75,66
2021-08-29,66,57,36,97,86,62,81,58,19260,15510,3750,360,9480,5670,39,81,480,10050,,2021-08-29T00:47:30+03:00,2021-08-29T06:08:30+03:00,62,57,38,-0.19,15.75,64,70,100,43,1,60,98,282,2281,200,6472,5106,594,492,314,12,0,28,1.375,0,65,62,57,79,78,98,84,76,32
2021-08-30,67,62,40,96,93,55,89,58,24300,20880,3420,2640,11430,6810,36,86,630,12270,,2021-08-30T00:57:22+03:00,2021-08-30T07:42:22+03:00,56.99,52,51,0.01,15,69,62,100,60,1,63,100,360,2429,250,9841,6621,627,410,340,29,0,34,1.46875,0,66,64,57,95,98,100,76,75,86
2021-08-31,73,70,55,99,95,67,78,72,24900,22230,2670,2850,13320,6060,41,89,420,12480,,2021-08-31T00:54:54+03:00,2021-08-31T07:49:54+03:00,56.11,52,50,0.22,15.375,77,58,78,78,40,81,100,330,2359,250,6548,5620,683,472,167,46,7,65,1.4375,2,65,72,59,89,93,86,84,77,89
2021-09-01,76,82,62,98,96,59,70,49,26820,24240,2580,3870,12480,7890,35,90,210,13350,,2021-09-01T00:11:01+03:00,2021-09-01T07:38:01+03:00,56.47,51,54,-0.12,15.75,84,63,100,95,40,82,100,299,2339,250,6725,5199,650,503,259,28,0,0,1.40625,0,74,77,65,80,85,100,92,83,50
2021-09-02,60,30,13,97,93,71,81,100,29940,27240,2700,4350,15270,7620,40,91,450,14910,,2021-09-02T00:31:59+03:00,2021-09-02T08:50:59+03:00,54.72,48,61,-0.08,15.75,89,59,100,95,71,95,100,362,2384,400,7589,6563,669,518,199,51,3,0,1.4375,0,56,57,52,91,79,100,68,81,100
2021-09-03,75,88,75,96,81,56,89,29,15960,14160,1800,930,6840,6390,27,89,660,8010,,2021-09-03T00:07:01+03:00,2021-09-03T04:33:01+03:00,59,55,49,0.23,16,91,65,95,100,71,95,100,431,2500,200,10884,8267,609,439,358,34,0,0,1.53125,1,69,76,61,82,78,85,77,81,26
2021-09-04,67,80,51,99,55,59,75,23,34080,28650,5430,5250,17700,5700,43,84,330,16380,,2021-09-04T00:46:40+03:00,2021-09-04T10:14:40+03:00,57.55,52,51,-0.16,15.375,95,78,100,100,96,95,98,460,2455,250,13392,9526,500,560,274,65,0,41,1.5,0,65,67,66,84,78,100,69,82,100
2021-09-05,68,75,34,99,48,77,72,41,36300,26580,9720,3630,14580,8370,37,73,270,16950,,2021-09-05T00:53:02+03:00,2021-09-05T10:58:02+03:00,60.83,54,51,-0.19,15.875,93,85,95,100,96,95,89,333,2292,150,9578,6492,436,661,268,35,0,40,1.375,1,77,69,69,86,78,99,87,85,65
2021-09-06,74,69,44,97,98,76,75,54,25620,19500,6120,1530,13890,4080,41,76,330,12660,,2021-09-06T00:59:03+03:00,2021-09-06T08:06:03+03:00,58.08,53,54,0.23,15.75,83,50,95,95,96,93,80,263,2334,400,5771,4172,717,448,248,27,0,0,1.4375,1,72,77,70,98,69,85,100,75,65
2021-09-07,74,69,44,97,98,76,91,54,25920,24000,1920,3180,14400,6420,33,93,720,13140,,2021-09-07T00:52:22+03:00,2021-09-07T08:04:22+03:00,57.28,49,39,0.23,15.75,81,60,100,78,71,73,100,128,1987,400,3114,2054,264,244,159,2,1,68,1.40625,0,72,77,71,89,67,85,100,74,6
